Question,Answer,,,,,,
What is the best soil pH for tea cultivation?,Tea plants typically thrive in slightly acidic soil with an ideal pH range of 4.5 to 5.5., ,,,,,
How can I identify and treat tea blister blight?,Blister blight appears as small  circular  raised blisters on tea leaves. Treatment often involves fungicides like copper-based compounds and good field sanitation practices., ,,,,,
What are the common pests affecting tea plants?,Common tea pests include tea mosquito bugs  red spider mites  and caterpillars. Integrated pest management strategies are recommended for control.,, ,,,,
What is the ideal temperature for growing tea plants?,Tea plants grow best in a temperature range of 20째C to 30째C (68째F to 86째F). They require a warm and humid climate to thrive.,,,,,,
How often should tea plants be watered?,Tea plants need regular watering  especially during dry periods. However  overwatering can lead to root problems  so soil moisture should be monitored.,,,,,,
What are the best practices for pruning tea plants?,Pruning is vital for maintaining plant health and productivity. It should be done annually or biennially  depending on the growth to remove old branches and stimulate new growth.,, ,,,,
Can you tell me about the process of tea fermentation?,Tea fermentation  particularly for black and oolong teas involves oxidizing the leaves after they are harvested and withered. This process develops the tea's flavor aroma and color,, , ,,,
What's the difference between green tea and black tea processing?,The key difference lies in the oxidation process. Green tea is not oxidized  which keeps it green. Black tea however  is fully oxidized giving it a darker color and richer flavor.,, ,, ,,
How do you control fungal diseases in tea plants?,Fungal diseases in tea plants can be controlled by using appropriate fungicides  maintaining field hygiene and ensuring proper air circulation through pruning.,, ,,,,
What is the impact of altitude on tea quality?,Higher altitudes  with cooler temperatures and misty conditions  often result in tea leaves with better flavor and aroma. Such teas are usually considered higher quality.,,,,,,
What type of fertilizers are best for tea plants?,Organic fertilizers like compost and green manure are beneficial for tea plants. Nitrogen-based fertilizers can also be used  but it's important to avoid over-fertilization.,,,,,,
How long does it take for a tea plant to mature?,Tea plants typically take about 3 to 5 years to mature enough for harvesting. Full maturity  when they reach peak productivity  can take around 8 to 12 years.,,,,,,
Can tea plants grow in shade?,Tea plants prefer a balance of sun and shade. While they need good sunlight for growth partial shade can protect them from excessive heat and help in producing high-quality leaves., ,,,,,
What is 'flush' in tea cultivation?,A 'flush' refers to the growth of new leaves on a tea plant. It varies with geography and climate  with terms like 'first flush' and 'second flush' indicating the seasonal harvesting periods.,,,,,,
How do I protect tea plants from frost damage?,To protect tea plants from frost  use methods like windbreaks frost covers or even sprinkler systems. Ensuring good soil drainage also helps prevent frost damage.,, , ,,,
What is the impact of rain on tea production?,Tea plants need sufficient rain for growth but excessive rain can lead to diseases and poor quality leaves. It's a delicate balance between adequate moisture and avoiding waterlogging., ,,,,,
What causes leaf drop in tea plants?,Leaf drop in tea plants can be caused by several factors including drought overwatering nutrient deficiencies or pest and disease attacks., , , , ,,
How do tea plants respond to different light intensities?,Tea plants can adapt to different light intensities. While they grow well in bright light they can also tolerate partial shade  which can sometimes enhance the quality of the leaves., ,,,,,
Are there any specific pruning techniques for tea bushes?,Skiffing and fine plucking are common pruning techniques. Skiffing involves light pruning to encourage new growth  while fine plucking is the selective removal of the youngest leaves and buds.,,,,,,
What is the significance of elevation in tea cultivation?,Elevation plays a crucial role in tea cultivation. Higher elevations often result in slower-growing plants which can yield leaves with more complex flavors and aromas., ,,,,,
What kind of soil is ideal for growing tea?,Tea plants prefer well-drained fertile soil with good organic matter content. Loamy or sandy loam soils with slight acidity are generally ideal., ,,,,,
How does altitude affect the flavor of tea?,Higher altitude teas often have a more refined flavor due to the cooler temperatures and slower growth rate resulting in a denser concentration of flavor compounds in the leaves., ,,,,,
What is the process of withering in tea processing?,Withering in tea processing involves spreading the freshly harvested leaves out to dry  reducing their moisture content. This makes the leaves soft and pliable  ready for further processing.,,,,,,
How do you harvest tea leaves?,Tea leaves are typically hand-picked  with harvesters selecting the top two leaves and a bud. This careful selection ensures the best quality for tea production.,,,,,,
What are the main types of tea plants?,The two main types of tea plants are Camellia sinensis var. sinensis  typically used for Chinese teas and Camellia sinensis var. assamica  used predominantly for Indian Assam teas.,, ,,,,
How can I control weeds in tea plantations?,Weed control in tea plantations can be managed through mulching  manual weeding and the careful use of herbicides ensuring they don't harm the tea plants.,, , ,,,
What role do bees play in tea cultivation?,Bees are important pollinators for tea plants especially when they flower. They help in the cross-pollination process which can improve the genetic diversity and resilience of the plants., , ,,,,
How important is water quality in tea cultivation?,Water quality is crucial in tea cultivation. Clean unpolluted water is necessary for irrigation to avoid contaminating the soil and the plants which can affect the taste and safety of the tea., , ,,,,
What are the challenges in organic tea cultivation?,Organic tea cultivation faces challenges like managing pests and diseases without synthetic chemicals  maintaining soil fertility and higher labor and production costs.,, ,,,,
Can you explain the process of rolling in tea processing?,Rolling is a step in tea processing where the withered leaves are mechanically rolled and twisted. This breaks down the cells  releases essential oils and shapes the leaves contributing to the tea's flavor.,, , ,,,
What is the best time of year to plant tea seedlings?,The best time to plant tea seedlings is generally during the rainy season when the soil is moist  which aids in the establishment and growth of the young plants.,,,,,,
How can I recognize nutrient deficiencies in tea plants?,Nutrient deficiencies in tea plants can manifest as discolored or malformed leaves. For instance  nitrogen deficiency often causes yellowing of older leaves while potassium deficiency can lead to scorched leaf edges.,, ,,,,
What's the best way to store harvested tea leaves?,Harvested tea leaves should be stored in a cool dry place away from direct sunlight and strong odors. Proper storage is essential to maintain their freshness and flavor., ,,,,,
How does climate change impact tea cultivation?,Climate change affects tea cultivation by altering rainfall patterns increasing pests and diseases and impacting the quality and flavor of tea leaves due to changes in temperature and humidity levels., , ,,,,
Is it possible to grow tea plants indoors?,Growing tea plants indoors is possible but challenging. They require ample sunlight  controlled humidity  and careful watering. It's more of a novelty as indoor conditions are rarely ideal for producing quality tea leaves.,,,,,,
What are the environmental benefits of shade-grown tea?,Shade-grown tea can benefit the environment by preserving biodiversity  reducing soil erosion and maintaining a more balanced ecosystem as it often involves growing tea under a canopy of diverse trees.,, , ,,,
How long does it take for a tea bush to recover after pruning?,A tea bush typically takes around 2 to 4 years to fully recover and reach peak productivity after a severe pruning  known as 'rejuvenation pruning.',,,,,,
What are biocontrol methods for pest management in tea cultivation?,Biocontrol methods in tea cultivation include using natural predators or parasites to control pests  applying microbial insecticides and encouraging biodiversity to naturally regulate pest populations.,, ,,,,
Can tea plants be grown from seeds?,Yes  tea plants can be grown from seeds but it requires patience as they can take several years to mature. Growing from cuttings is a faster alternative for propagation.,, ,,,,
What is the role of mulching in tea cultivation?,Mulching in tea cultivation helps retain soil moisture  control weeds   regulate soil temperature and improve soil structure and fertility as the organic matter decomposes.,,, ,,,
What is blister blight in tea plants and how can it be managed?,Blister blight  caused by the fungus Exobasidium vexans affects young tea leaves. It's managed by regular fungicide sprays and selecting disease-resistant tea clones.,, ,,,,
How does shade affect tea diseases?,Shade in tea cultivation can influence disease incidence. While it can reduce some pest attacks  it might also encourage diseases like blister blight in humid conditions.,,,,,,
What is the best way to control root diseases in tea?,Controlling root diseases involves improving soil microbiota  eradicating with pesticides  and practicing good soil management to prevent fungal growth.,,,,,,
Can pruning help in managing tea diseases?,Yes strategic pruning can help manage diseases like black blight. Pruning the affected bushes and burning the clippings can prevent disease spread., ,,,,,
What are the environmental factors affecting tea diseases?,Environmental factors like humidity  temperature and rainfall play a significant role in tea diseases. For example high humidity and lack of sunlight can aggravate blister blight.,, , ,,,
What is tea red spider mite and how is it treated?,Tea red spider mite is a common pest causing leaf discoloration and reduced yield. Treatment includes using miticides and promoting natural predators like ladybugs.,,,,,,
What are the symptoms of grey blight in tea and its treatment?,Grey blight  caused by Pestalotiopsis species  manifests as grey spots on leaves. Treatment involves pruning affected areas and applying fungicides to control the spread.,,,,,,
Can you tell me about the use of biopesticides in tea cultivation?,Biopesticides  derived from natural materials like plants bacteria  and certain minerals  are used in tea cultivation for sustainable pest management  reducing the reliance on chemical pesticides.,, ,,,,
What are the effects of removing tree shade in tea cultivation?,Removing tree shade in tea cultivation increases weed growth  the need for fertilizers  and susceptibility to diseases like stem canker and grey blight  as well as pests like mites.,,,,,,
How does altitude affect disease pressure in tea cultivation?,Disease and pest pressure in tea cultivation varies with altitude. Lower altitudes may have less disease but increased pest issues  while higher altitudes can see increased disease pressure  like blister blight.,,,,,,
Can you tell me about integrated control for tea root diseases?,Integrated control of tea root diseases involves using pesticides for eradication and improving soil microflora. It also includes good soil management to prevent fungal growth.,,,,,,
What is the impact of pruning on tea diseases?,Pruning in tea cultivation can help manage diseases like black blight. Affected bushes should be pruned and the clippings burned to prevent disease spread.,,,,,,
How do environmental factors influence tea diseases?,Environmental factors like humidity  temperature  and rainfall significantly impact tea diseases. High humidity and lack of sunlight can aggravate diseases like blister blight.,,,,,,
What is the significance of plucking intervals in tea cultivation?,Plucking intervals are crucial in tea cultivation. They determine the growth cycle of the plant and the quality of the tea leaves. Shorter intervals can ensure higher quality but may stress the plant.,,,,,,
How does irrigation affect tea plant growth?,Proper irrigation is essential for tea plant growth  especially in regions with less rainfall. It helps in maintaining soil moisture  which is vital for the health and productivity of the tea plants.,,,,,,
What role does topography play in tea cultivation?,Topography plays a significant role in tea cultivation. Sloped terrains can provide better drainage and sun exposure  which are beneficial for tea plants. It also influences the microclimate around the tea bushes.,,,,,,
Can you explain the process of tea plant propagation?,Tea plants are usually propagated either by seeds or by vegetative methods like cuttings  grafting  or layering. Vegetative methods are more common as they preserve the characteristics of the parent plant.,,,,,,
What is the impact of organic farming on tea quality?,Organic farming can positively impact tea quality. It involves using natural fertilizers and pest control methods which can lead to the production of tea leaves with better flavor and reduced chemical residues., ,,,,,
What are the benefits of using mulch in tea gardens?,Using mulch in tea gardens helps in moisture retention  weed control and soil temperature regulation. It also adds organic matter to the soil enhancing its fertility and structure.,, , ,,,
How do different harvesting methods affect tea quality?,Different harvesting methods  like hand plucking vs. mechanical harvesting significantly affect tea quality. Hand plucking allows for selective harvesting of the best leaves generally resulting in higher quality tea.,, , ,,,
What are the best practices for sustainable tea farming?,Sustainable tea farming practices include using organic fertilizers practicing soil and water conservation promoting biodiversity and implementing integrated pest management techniques., , , ,,,
How does the pH level of soil affect tea growth?,Soil pH level is crucial for tea growth. Tea plants prefer slightly acidic soil  usually with a pH between 4.5 and 5.5. This pH range helps the plants absorb nutrients more effectively.,,,,,,
What is the role of shade trees in tea plantations?,Shade trees in tea plantations provide benefits like regulating microclimate improving soil structure reducing leaf temperature and protecting tea plants from harsh sunlight and wind., , , ,,,
What impact does altitude have on tea leaf quality?,Altitude greatly impacts tea leaf quality. Higher altitudes often result in slower leaf growth leading to a concentration of flavors. Teas from high altitudes are generally considered superior in quality., ,,,,,
How does rainfall influence tea production?,Rainfall is crucial for tea production. Adequate and well-distributed rainfall promotes healthy growth but excessive rain can cause waterlogging  increase disease risk  and affect leaf quality., ,,,,,
What are the challenges of growing tea in colder climates?,Growing tea in colder climates poses challenges like the risk of frost  slower growth rates and potential for reduced yields. However some cold-resistant tea varieties can still thrive.,, , ,,,
Can tea plants be affected by air pollution?,Yes  tea plants can be affected by air pollution. Pollutants can deposit on leaves affecting photosynthesis and potentially altering the flavor and safety of the tea.,, ,,,,
What are the benefits of organic tea farming compared to conventional methods?,Organic tea farming offers benefits like improved soil health and biodiversity  reduction in chemical residues on tea leaves and potential for higher market value. It emphasizes sustainable practices and eco-friendly methods.,, ,,,,
How can farmers improve soil fertility in tea plantations?,Improving soil fertility in tea plantations can be achieved through the use of organic compost  green manure  and careful application of chemical fertilizers. Regular soil testing is also crucial to monitor nutrient levels,,.,,,,
What is the importance of pest monitoring in tea cultivation?,Pest monitoring is crucial in tea cultivation for early detection and management of infestations. It helps in applying targeted control measures reducing the need for widespread pesticide use and preserving ecological balance., ,,,,,
What methods are used to conserve water in tea farming?,Water conservation methods in tea farming include rainwater harvesting drip irrigation and maintaining soil cover to reduce evaporation. These practices help in sustainable water management especially in areas with limited water resources., , , ,,,
How does climate change impact tea cultivation?,Climate change impacts tea cultivation through altered rainfall patterns  temperature changes  and increased frequency of extreme weather events. These changes can affect tea quality  yield  and increase susceptibility to pests and diseases.,,,,,,
What role do companion plants play in tea gardens?,Companion plants in tea gardens can enhance biodiversity attract beneficial insects  and may even help in pest control and improving soil health. For example  planting certain flowers can attract pollinators and predatory insects., ,,,,,
Can tea cultivation affect local wildlife? How?,Tea cultivation can impact local wildlife particularly if it involves clearing natural habitats. Sustainable practices like preserving natural corridors and avoiding harmful chemicals can mitigate negative impacts and promote wildlife conservation., ,,,,,
How does the moon phase affect tea cultivation?,Some tea cultivators believe that the moon phase can influence tea growth and quality following biodynamic farming principles. They might time certain activities like planting or harvesting based on lunar cycles although scientific evidence supporting this is limited., , ,,,,
What is 'white tea' and how is it cultivated differently?,White tea is made from young tea leaves and buds that are minimally processed. Its cultivation requires careful timing to harvest at a young stage  and the leaves are typically dried naturally with minimal oxidation preserving a delicate flavor.,, ,,,,
Are there any unique methods of tea cultivation found only in specific regions?,Yes  some regions have unique tea cultivation methods. For example in parts of China and Japan tea plants are shaded for a period before harvest to produce certain types of green tea like Matcha or Gyokuro  enhancing their flavor and nutrient content.,, , ,,,
What is the role of agroforestry in tea cultivation?,Agroforestry in tea cultivation involves integrating trees and shrubs within tea plantations. This method can enhance biodiversity  improve soil quality  and create a more resilient ecosystem against climate change impacts.,,,,,,
How does the use of permaculture principles benefit tea farming?,Applying permaculture principles in tea farming promotes sustainable and eco-friendly practices. It includes creating diverse  self-sustaining systems that mimic natural ecosystems  which can lead to healthier soil and plants.,,,,,,
Is there a way to use renewable energy in tea processing?,Renewable energy sources  like solar or biomass energy can be used in tea processing to reduce carbon footprint. For instance solar dryers can be an eco-friendly alternative to traditional drying methods.,, , ,,,
Can tea cultivation be combined with beekeeping?,Tea cultivation can be effectively combined with beekeeping. Bees can aid in pollination and improve crop yields while tea plantations provide a foraging habitat for bees enhancing honey production., , ,,,,
What are the effects of using green manure in tea gardens?,Green manure  consisting of decomposing plant material  is beneficial for tea gardens. It improves soil structure  increases organic matter and nutrient content  and helps in maintaining soil moisture levels.,,,,,,
How does vertical farming apply to tea cultivation?,Vertical farming  though not traditional for tea can be applied by growing tea plants in vertically stacked layers. This method can optimize space especially in urban settings and allows for precise control of growing conditions.,, , , ,,
What is the impact of sound waves or music on tea plant growth?,Some studies suggest that sound waves or music could impact plant growth including tea. The idea is that certain frequencies or vibrations may stimulate growth or enhance plant metabolism  although concrete evidence is still limited., ,,,,,
Can artificial intelligence be used in tea farming? How?,Artificial intelligence can revolutionize tea farming by analyzing data for precision agriculture  predicting optimal harvest times detecting pests or diseases early and even automating some farming processes.,, , ,,,
What's the concept of 'forest tea' and its cultivation method?,Forest tea refers to tea plants grown in a forested environment mimicking natural ecosystems. This method emphasizes biodiversity and natural growth conditions potentially leading to unique flavor profiles in the tea., , ,,,,
Is hydroponic cultivation feasible for tea plants?,Hydroponic cultivation of tea plants is a novel concept where plants are grown in nutrient-rich water without soil. This method allows for controlled environment agriculture although it's not commonly used for commercial tea production yet., ,,,,,
How can biodynamic practices be integrated into tea cultivation?,Biodynamic practices in tea cultivation involve following a holistic agricultural approach  which includes using biodynamic preparations aligning farming activities with lunar cycles  and fostering a self-sustaining ecosystem within the tea plantation.,, ,,,,
What is the concept of tea micro-terroirs and its importance?,Tea micro-terroirs refer to the unique combination of climate  soil  and topography in a specific small area. These micro-terroirs can significantly influence the flavor profile and quality of the tea produced  leading to unique and distinct teas.,,,,,,
Can tea plants be cultivated alongside medicinal herbs?,Cultivating tea alongside medicinal herbs can be beneficial. It can enhance biodiversity  improve soil health and potentially create synergies between plants leading to enhanced growth and possibly unique flavor profiles in the tea.,, , ,,,
How does the use of natural pest repellents benefit tea farming?,Natural pest repellents in tea farming  like neem oil or garlic sprays  offer an eco-friendly alternative to chemical pesticides. They help manage pests without harming beneficial insects or the environment.,,,,,,
Is aquaponics a viable method for growing tea?,Aquaponics  combining aquaculture with hydroponics is an innovative approach for tea cultivation. While not traditional  it could potentially be used for tea allowing for efficient water use and nutrient recycling but requires careful balance and management.,, ,, , ,
What are some natural remedies for fungal diseases in tea plants?,Natural remedies for fungal diseases in tea include using neem oil baking soda solutions or garlic extracts. These organic treatments can help manage mild fungal infections without the use of harsh chemicals., , ,,,,
Can beneficial microbes be used to combat tea plant diseases?,Yes  beneficial microbes like certain bacteria and fungi can be used to combat tea plant diseases. They work by enhancing soil health improving plant immunity and sometimes directly antagonizing pathogenic microbes.,, , ,,,
Is there a role for biopesticides in managing tea pests?,Biopesticides  derived from natural sources such as plants  bacteria and certain minerals  can play a significant role in managing tea pests. They are generally more environmentally friendly and target specific pests without harming beneficial organisms.,,, ,,,
What are the methods for controlling root rot in tea plants?,Controlling root rot in tea plants involves improving soil drainage  applying fungicides and using resistant plant varieties. Good cultural practices like avoiding overwatering and ensuring proper soil aeration are also crucial.,, , , ,,
How can integrated pest management (IPM) be applied in tea cultivation?,IPM in tea cultivation involves a combination of practices like monitoring pest populations  using biological control agents practicing cultural controls such as crop rotation  and applying chemical controls as a last resort.,, ,,,,
Are there any pheromone-based treatments for tea pests?,Pheromone-based treatments involve using synthetic pheromones to disrupt the mating patterns of certain tea pests. This method is environmentally friendly and can effectively reduce pest populations without chemical pesticides.,,,,,,
What's the role of silicon in managing tea plant diseases?,Silicon  when added to the soil or as a foliar spray  can enhance tea plant resistance to diseases. It strengthens plant cell walls making it harder for pathogens to penetrate and infect the plant tissues.,,, ,,,
How effective are essential oils in treating tea plant diseases?,Essential oils  such as tea tree or neem oil  can be effective in treating certain tea plant diseases. They possess antifungal and antibacterial properties but their efficacy depends on the disease type and application method.,,, ,,,
Can compost tea be used as a disease suppressant for tea plants?,Compost tea  a liquid extract of compost can be used as a foliar spray to suppress diseases in tea plants. It helps by improving leaf surface microbial activity which can outcompete or inhibit the growth of pathogenic fungi and bacteria.,, , ,,,
Is ultraviolet light a viable treatment for managing tea diseases?,Ultraviolet (UV) light treatments can be used to manage certain tea diseases  especially fungal pathogens. UV-C light  in particular has been shown to inhibit the growth of some fungi and bacteria on plant surfaces when applied correctly.,,, ,,,
Can soil solarization be used to control soil-borne diseases in tea?,Soil solarization  a process of using solar power to heat the soil can be effective in controlling soil-borne diseases in tea plantations. It involves covering the soil with clear plastic to trap solar energy   reducing pathogens.,, , ,,,
Are there any biological control agents specifically effective against tea pests?,Yes  there are biological control agents used against tea pests. For example  certain parasitic wasps and predatory insects can be introduced to control aphids and mites. These agents are environmentally friendly and target specific pests without harming other beneficial organisms.,,,,,,
What is the role of trap crops in managing tea pests?,Trap crops are plants grown to attract pests away from the main tea crop. They serve as a natural pest control method by concentrating pests on a specific plant  making it easier to manage them without affecting the main tea crop. ,,,,,,
Can intercropping with certain plants reduce tea plant diseases?,Intercropping tea with certain plants can help reduce disease incidence. Companion plants may improve soil health  attract beneficial insects  or even produce natural substances that deter pathogens thereby providing a more resilient and healthy growing environment for tea plants.,,, ,,,
How can drones be utilized in the management of tea diseases?,Drones can be utilized in tea plantations for precise application of pesticides or fungicides  monitoring crop health and early detection of disease outbreaks. They offer a high-tech solution for efficient and targeted disease management.,, ,,,,
Can electromagnetic fields be used to control diseases in tea plants?,The use of electromagnetic fields for disease control in tea plants is an emerging area of research. Some studies suggest that certain electromagnetic frequencies might enhance plant resistance to diseases or inhibit the growth of pathogens  although practical applications are still in experimental stages.,,,,,,
Is nanotechnology being explored for disease management in tea cultivation?,Nanotechnology is being explored for its potential in disease management in tea cultivation. It could offer novel ways to deliver pesticides or fungicides more efficiently  target specific pathogens  and reduce environmental impact  though it's still largely in the research phase.,,,,,,
What is the potential of using sound therapy for tea plant diseases?,Sound therapy  using specific frequencies or vibrations is an unconventional method being explored for plant disease management. While there is some anecdotal evidence suggesting benefits in plant health scientific research on its effectiveness particularly for tea plants  is limited.,, , , ,,
Can controlled atmospheric conditions be used to prevent diseases in tea storage?,Controlled atmospheric conditions  such as modified humidity and temperature levels can be used in tea storage to prevent diseases and preserve quality. This method involves creating an environment less conducive to the growth of molds and other pathogens.,, ,,,,
Are there any experimental treatments using light spectra to combat tea diseases?,Experimental treatments using specific light spectra are being studied for their potential in combating tea diseases. Certain wavelengths of light  such as UV  have been shown to suppress fungal growth and could be a future avenue for disease control in tea cultivation.,,,,,,
Can plant-based extracts be effective in treating tea plant diseases?,Plant-based extracts  such as those from certain herbs or medicinal plants  are being explored for their potential in treating tea plant diseases. These natural extracts may have antifungal or antibacterial properties offering a more sustainable and eco-friendly alternative to synthetic chemicals.,,, ,,,
Is there a role for mycorrhizal fungi in managing tea plant health?,Mycorrhizal fungi  which form symbiotic relationships with plant roots can play a significant role in enhancing tea plant health. They help improve nutrient uptake  enhance resistance to soil-borne diseases and can improve overall plant vigor and resilience.,, ,, ,,
How can thermal fogging be used in disease control for tea plants?,Thermal fogging a method of generating a fine mist or fog of a pesticide solution  can be used for disease control in tea plantations. It allows for uniform application over large areas and can be effective in reaching difficult-to-access parts of the plant., ,,,,,
Are there innovative irrigation techniques that help in disease management for tea?,Innovative irrigation techniques  like drip or subsurface irrigation  can help in disease management for tea by providing water directly to the roots and minimizing leaf wetness which often contributes to the spread of fungal diseases.,,, ,,,
Can altering tea plant microbiomes be a strategy for disease resistance?,Altering the microbiome of tea plants is an emerging strategy for enhancing disease resistance. By promoting beneficial microbes or introducing specific microbial strains  it's possible to suppress pathogenic organisms and improve plant health and resilience against diseases., ,,,,,
Can aeroponics be used for growing tea?,Aeroponics  the process of growing plants in an air or mist environment without soil  is an innovative approach that could be applied to tea cultivation. This method allows for precise control of nutrients oxygen and moisture potentially enhancing growth and quality. However it's more common in experimental settings than commercial tea production.,,, , ,, 
How does grafting different tea varieties affect plant characteristics?,Grafting different tea varieties can combine desirable traits from each variety  such as disease resistance yield and quality of tea leaves. This technique allows for the creation of plants that can thrive in specific environments or produce unique flavors.,, , ,,,
Is there a way to use wind energy in tea processing?,Wind energy can be harnessed in tea processing as a renewable energy source. It can power machinery used in the processing stages such as withering rolling and drying making the process more sustainable and reducing the carbon footprint of tea production., , , ,,,
What are the impacts of using cover crops in tea plantations?,Using cover crops in tea plantations can improve soil health  prevent erosion  enhance moisture retention and suppress weeds. Cover crops can also attract beneficial insects and improve the overall biodiversity of the plantation.,,, ,,,
Can tea cultivation benefit from vertical layering or stratification?,Vertical layering or stratification in tea cultivation involves growing plants at different heights or layers. This can optimize space utilization and can be particularly beneficial in controlled environments like greenhouses. It might allow for diverse microclimates in a single plantation  potentially benefiting different varieties of tea.,,,,,,
